name	Shigella sonnei	Escherichia coli	other
28099_2#16	6.864920050498695	91.16181503026269	1.9732649192386162
